ID,备注列,名称,美术资源-图标,美术资源-成年资源,美术资源-幼年资源,活动空间,食物类型,"食物参数,当目标是指定植物或者动物时，这里配置对方的ID",成年鱼价格,幼年鱼价格,每只成年每间隔多少分钟产下一个幼崽,"成年时间,单位分钟",成年鱼每分钟的氧气消耗量,幼年鱼每分钟的氧气消耗量,成年死鱼每分钟的氧气消耗量,幼年死鱼每分钟的氧气消耗量,氧气的最低含量百分比,成年鱼因为氧气不足死亡时，多少分钟死亡,幼年鱼因为氧气不足死亡时，多少分钟死亡,成年鱼每分钟的二氧化碳产出,幼年鱼每分钟的二氧化碳产出,成年死鱼每分钟的二氧化碳产出,幼年死鱼每分钟的二氧化碳产出,二氧化碳的最大含量百分比,成年鱼因为二氧化碳过量死亡时，多少分钟死亡,幼年鱼因为二氧化碳过量死亡时，多少分钟死亡,成年鱼每分钟的垃圾产出,幼年鱼每分钟的垃圾产出,成年死鱼每分钟的垃圾产出,幼年死鱼每分钟的垃圾产出,垃圾的最大含量百分比,成年鱼因为垃圾过量死亡时,幼年鱼因为垃圾过量死亡时,每只鱼可以提供的食物存储数量,成年鱼每分钟食物消耗,幼年鱼每分钟食物消耗,成年鱼因为食物不足死亡时,幼年鱼因为食物不足死亡时
ID,,name,iconResource,adultResources,juvenileResources,activitySpace,foodType,foodParameter,adultPurchasePrice,juvenilePurchasePrice,reproductionTime,adultTime,adultO2Cost,juvenileO2Cost,adultDeathO2Cost,juvenileDeathO2Cost,o2MinProportion,adultO2Death,juvenileO2Death,adultCO2Produce,juvenileCO2Produce,adultDeathCO2Produce,juvenileDeathCO2Produce,co2MaxProportion,adultCO2Death,juvenileCO2Death,adultWasteProduce,juvenileWasteProduce,adultDeathWasteProduce,juvenileDeathWasteProduce,wasteMaxProportion,adultWasteDeath,juvenileWasteDeath,foodReserve,adultFoodCost,juvenileFoodCost,adultFoodDeath,juvenileFoodDeath
string,,string,string,string[],string[],float,int,string,int,int,int,int,float,float,float,float,float,int,int,float,float,float,float,float,int,int,float,float,float,float,float,int,int,float,float,float,float,float
101,斑马鱼,101,touweideng_0.png,"[touweideng_0.png,touweideng_1.png]","[touweideng_0.png,touweideng_1.png]",3,0,0,360,144,48,60,0.6,0.3,6,3,0.2,60,60,0.15,0.07,1.5,0.7,0.8,60,60,0.15,0.07,1.5,0.7,0.5,60,60,126,2.1,1.05,60,60
102,,102,touweideng_0.png,"[touweideng_0.png,touweideng_1.png]","[touweideng_0.png,touweideng_1.png]",3,0,0,360,144,48,60,0.6,0.3,6,3,0.2,60,60,0.15,0.07,1.5,0.7,0.8,60,60,0.15,0.07,1.5,0.7,0.5,60,60,126,2.1,1.05,60,60
103,,103,touweideng_0.png,"[touweideng_0.png,touweideng_1.png]","[touweideng_0.png,touweideng_1.png]",3,0,0,360,144,48,60,0.6,0.3,6,3,0.2,60,60,0.15,0.07,1.5,0.7,0.8,60,60,0.15,0.07,1.5,0.7,0.5,60,60,126,2.1,1.05,60,60
104,,104,touweideng_0.png,"[touweideng_0.png,touweideng_1.png]","[touweideng_0.png,touweideng_1.png]",3,0,0,360,144,48,60,0.6,0.3,6,3,0.2,60,60,0.15,0.07,1.5,0.7,0.8,60,60,0.15,0.07,1.5,0.7,0.5,60,60,126,2.1,1.05,60,60
105,,105,touweideng_0.png,"[touweideng_0.png,touweideng_1.png]","[touweideng_0.png,touweideng_1.png]",3,0,0,360,144,48,60,0.6,0.3,6,3,0.2,60,60,0.15,0.07,1.5,0.7,0.8,60,60,0.15,0.07,1.5,0.7,0.5,60,60,126,2.1,1.05,60,60
106,,106,touweideng_0.png,"[touweideng_0.png,touweideng_1.png]","[touweideng_0.png,touweideng_1.png]",3,0,0,360,144,48,60,0.6,0.3,6,3,0.2,60,60,0.15,0.07,1.5,0.7,0.8,60,60,0.15,0.07,1.5,0.7,0.5,60,60,126,2.1,1.05,60,60
107,,107,touweideng_0.png,"[touweideng_0.png,touweideng_1.png]","[touweideng_0.png,touweideng_1.png]",3,0,0,540,216,48,60,0.9,0.45,9,4,0.2,60,60,0.22,0.11,2.2,1.1,0.8,60,60,0.22,0.11,2.2,1.1,0.5,60,60,189,3.15,1.57,60,60
108,,108,touweideng_0.png,"[touweideng_0.png,touweideng_1.png]","[touweideng_0.png,touweideng_1.png]",3,0,0,540,216,48,60,0.9,0.45,9,4,0.2,60,60,0.22,0.11,2.2,1.1,0.8,60,60,0.22,0.11,2.2,1.1,0.5,60,60,189,3.15,1.57,60,60
109,,109,touweideng_0.png,"[touweideng_0.png,touweideng_1.png]","[touweideng_0.png,touweideng_1.png]",3,0,0,540,216,48,60,0.9,0.45,9,4,0.2,60,60,0.22,0.11,2.2,1.1,0.8,60,60,0.22,0.11,2.2,1.1,0.5,60,60,189,3.15,1.57,60,60
110,,110,touweideng_0.png,"[touweideng_0.png,touweideng_1.png]","[touweideng_0.png,touweideng_1.png]",3,0,0,720,288,48,60,1.2,0.6,12,6,0.22,54,54,0.3,0.15,3,1.5,0.789,54,54,0.3,0.15,3,1.5,0.5,54,54,252,4.2,2.1,54,54
111,,111,touweideng_0.png,"[touweideng_0.png,touweideng_1.png]","[touweideng_0.png,touweideng_1.png]",3,0,0,540,216,48,60,0.9,0.45,9,4,0.22,54,54,0.22,0.11,2.2,1.1,0.778,54,54,0.22,0.11,2.2,1.1,0.5,54,54,189,3.15,1.57,54,54
112,,112,touweideng_0.png,"[touweideng_0.png,touweideng_1.png]","[touweideng_0.png,touweideng_1.png]",3,0,0,540,216,48,60,0.9,0.45,9,4,0.22,54,54,0.22,0.11,2.2,1.1,0.767,54,54,0.22,0.11,2.2,1.1,0.5,54,54,189,3.15,1.57,54,54
113,,113,touweideng_0.png,"[touweideng_0.png,touweideng_1.png]","[touweideng_0.png,touweideng_1.png]",3,0,0,540,216,48,60,0.9,0.45,9,4,0.22,54,54,0.22,0.11,2.2,1.1,0.757,54,54,0.22,0.11,2.2,1.1,0.5,54,54,189,3.15,1.57,54,54
114,,114,touweideng_0.png,"[touweideng_0.png,touweideng_1.png]","[touweideng_0.png,touweideng_1.png]",3,0,0,540,216,48,60,1.15,0.57,11,5,0.22,54,54,0.44,0.22,4.4,2.2,0.747,54,54,0.5,0.25,5,2.5,0.5,54,54,143,2.39,1.19,54,54
115,,115,touweideng_0.png,"[touweideng_0.png,touweideng_1.png]","[touweideng_0.png,touweideng_1.png]",3,0,0,540,216,48,60,0.77,0.38,7,3,0.22,54,54,0.31,0.15,3.1,1.5,0.737,54,54,0.61,0.3,6.1,3,0.5,54,54,166,2.78,1.39,54,54
116,,116,touweideng_0.png,"[touweideng_0.png,touweideng_1.png]","[touweideng_0.png,touweideng_1.png]",3,0,0,540,216,48,60,1.11,0.55,11,5,0.22,54,54,0.6,0.3,6,3,0.727,54,54,0.83,0.41,8.3,4.1,0.5,54,54,115,1.93,0.96,54,54
117,,117,touweideng_0.png,"[touweideng_0.png,touweideng_1.png]","[touweideng_0.png,touweideng_1.png]",3,0,0,720,288,48,60,1.27,0.63,12,6,0.22,54,54,0.96,0.48,9.6,4.8,0.717,54,54,0.64,0.32,6.4,3.2,0.5,54,54,186,3.11,1.55,54,54
118,,118,touweideng_0.png,"[touweideng_0.png,touweideng_1.png]","[touweideng_0.png,touweideng_1.png]",3,0,0,720,288,48,60,1.85,0.92,18,9,0.22,54,54,0.55,0.27,5.5,2.7,0.707,54,54,0.36,0.18,3.6,1.8,0.5,54,54,193,3.23,1.61,54,54
119,,119,touweideng_0.png,"[touweideng_0.png,touweideng_1.png]","[touweideng_0.png,touweideng_1.png]",3,0,0,1440,576,96,120,0.95,0.47,9,4,0.24,48,48,0.71,0.35,7.1,3.5,0.697,48,48,0.91,0.45,9.1,4.5,0.5,48,48,204,3.41,1.7,48,48
120,,120,touweideng_0.png,"[touweideng_0.png,touweideng_1.png]","[touweideng_0.png,touweideng_1.png]",3,0,0,1800,720,96,120,1.45,0.72,14,7,0.24,48,48,1.37,0.68,13.7,6.8,0.687,48,48,1.42,0.71,14.2,7.1,0.5,48,48,194,3.24,1.62,48,48
121,,121,touweideng_0.png,"[touweideng_0.png,touweideng_1.png]","[touweideng_0.png,touweideng_1.png]",3,0,0,1440,576,96,120,1.28,0.64,12,6,0.24,48,48,0.76,0.38,7.6,3.8,0.678,48,48,0.61,0.3,6.1,3,0.5,48,48,200,3.34,1.67,48,48
122,,122,touweideng_0.png,"[touweideng_0.png,touweideng_1.png]","[touweideng_0.png,touweideng_1.png]",3,0,0,1440,576,96,120,1.59,0.79,15,7,0.24,48,48,0.6,0.3,6,3,0.669,48,48,0.58,0.29,5.8,2.9,0.5,48,48,192,3.21,1.6,48,48
123,,123,touweideng_0.png,"[touweideng_0.png,touweideng_1.png]","[touweideng_0.png,touweideng_1.png]",3,0,0,1440,576,96,120,1.5,0.75,15,7,0.24,48,48,1.04,0.52,10.4,5.2,0.66,48,48,1,0.5,10,5,0.5,48,48,146,2.44,1.22,48,48
124,,124,touweideng_0.png,"[touweideng_0.png,touweideng_1.png]","[touweideng_0.png,touweideng_1.png]",3,0,0,1440,576,96,120,1.5,0.75,15,7,0.24,48,48,0.9,0.45,9,4.5,0.651,48,48,0.88,0.44,8.8,4.4,0.5,48,48,162,2.7,1.35,48,48
125,,125,touweideng_0.png,"[touweideng_0.png,touweideng_1.png]","[touweideng_0.png,touweideng_1.png]",3,0,0,1440,576,96,120,1.72,0.86,17,8,0.24,48,48,0.81,0.4,8.1,4,0.642,48,48,0.61,0.3,6.1,3,0.5,48,48,170,2.84,1.42,48,48
126,,126,touweideng_0.png,"[touweideng_0.png,touweideng_1.png]","[touweideng_0.png,touweideng_1.png]",3,0,0,1440,576,96,120,1.38,0.69,13,6,0.24,48,48,0.77,0.38,7.7,3.8,0.633,48,48,0.88,0.44,8.8,4.4,0.5,48,48,177,2.95,1.47,48,48
127,,127,touweideng_0.png,"[touweideng_0.png,touweideng_1.png]","[touweideng_0.png,touweideng_1.png]",3,0,0,1800,720,96,120,1.77,0.88,17,8,0.24,48,48,1.21,0.6,12.1,6,0.624,48,48,1.02,0.51,10.2,5.1,0.5,48,48,209,3.49,1.74,48,48
128,,128,touweideng_0.png,"[touweideng_0.png,touweideng_1.png]","[touweideng_0.png,touweideng_1.png]",3,0,0,1800,720,96,120,1.97,0.98,19,9,0.26,43,43,0.61,0.3,6.1,3,0.615,43,43,0.7,0.35,7,3.5,0.5,43,43,252,4.2,2.1,43,43
129,,129,touweideng_0.png,"[touweideng_0.png,touweideng_1.png]","[touweideng_0.png,touweideng_1.png]",3,0,0,1800,720,96,120,2.21,1.1,22,11,0.26,43,43,1.23,0.61,12.3,6.1,0.607,43,43,0.69,0.34,6.9,3.4,0.5,43,43,201,3.36,1.68,43,43
130,,130,touweideng_0.png,"[touweideng_0.png,touweideng_1.png]","[touweideng_0.png,touweideng_1.png]",3,0,0,4320,1728,192,240,2.24,1.12,22,11,0.26,43,43,0.61,0.3,6.1,3,0.599,43,43,1.44,0.72,14.4,7.2,0.5,43,43,281,4.69,2.34,43,43
131,,131,touweideng_0.png,"[touweideng_0.png,touweideng_1.png]","[touweideng_0.png,touweideng_1.png]",3,0,0,3600,1440,192,240,1.4,0.7,14,7,0.26,43,43,0.95,0.47,9.5,4.7,0.591,43,43,1.66,0.83,16.6,8.3,0.5,43,43,208,3.47,1.73,43,43
132,,132,touweideng_0.png,"[touweideng_0.png,touweideng_1.png]","[touweideng_0.png,touweideng_1.png]",3,0,0,3600,1440,192,240,1.95,0.97,19,9,0.26,43,43,0.52,0.26,5.2,2.6,0.583,43,43,0.55,0.27,5.5,2.7,0.5,43,43,267,4.46,2.23,43,43
133,,133,touweideng_0.png,"[touweideng_0.png,touweideng_1.png]","[touweideng_0.png,touweideng_1.png]",3,0,0,3600,1440,192,240,1.66,0.83,16,8,0.26,43,43,0.84,0.42,8.4,4.2,0.575,43,43,0.52,0.26,5.2,2.6,0.5,43,43,267,4.46,2.23,43,43
134,,134,touweideng_0.png,"[touweideng_0.png,touweideng_1.png]","[touweideng_0.png,touweideng_1.png]",3,0,0,3600,1440,192,240,1.5,0.75,15,7,0.26,43,43,1.26,0.63,12.6,6.3,0.567,43,43,0.75,0.37,7.5,3.7,0.5,43,43,238,3.97,1.98,43,43
135,,135,touweideng_0.png,"[touweideng_0.png,touweideng_1.png]","[touweideng_0.png,touweideng_1.png]",3,0,0,3600,1440,192,240,2.03,1.01,20,10,0.26,43,43,1.17,0.58,11.7,5.8,0.559,43,43,0.74,0.37,7.4,3.7,0.5,43,43,212,3.54,1.77,43,43
136,,136,touweideng_0.png,"[touweideng_0.png,touweideng_1.png]","[touweideng_0.png,touweideng_1.png]",3,0,0,3600,1440,192,240,1.38,0.69,13,6,0.26,43,43,0.82,0.41,8.2,4.1,0.551,43,43,1.55,0.77,15.5,7.7,0.5,43,43,223,3.73,1.86,43,43
137,,137,touweideng_0.png,"[touweideng_0.png,touweideng_1.png]","[touweideng_0.png,touweideng_1.png]",3,0,0,4320,1728,192,240,2.42,1.21,24,12,0.28,38,38,1.38,0.69,13.8,6.9,0.543,38,38,1.03,0.51,10.3,5.1,0.5,38,38,249,4.16,2.08,38,38
138,,138,touweideng_0.png,"[touweideng_0.png,touweideng_1.png]","[touweideng_0.png,touweideng_1.png]",3,0,0,4320,1728,192,240,1.35,0.67,13,6,0.28,38,38,1.27,0.63,12.7,6.3,0.535,38,38,1.35,0.67,13.5,6.7,0.5,38,38,300,5.01,2.5,38,38
139,,139,touweideng_0.png,"[touweideng_0.png,touweideng_1.png]","[touweideng_0.png,touweideng_1.png]",3,0,0,4320,1728,192,240,2.16,1.08,21,10,0.28,38,38,1.33,0.66,13.3,6.6,0.528,38,38,1.34,0.67,13.4,6.7,0.5,38,38,249,4.16,2.08,38,38
140,,140,touweideng_0.png,"[touweideng_0.png,touweideng_1.png]","[touweideng_0.png,touweideng_1.png]",3,0,0,10080,4032,384,480,2.57,1.28,25,12,0.28,38,38,0.63,0.31,6.3,3.1,0.521,38,38,0.86,0.43,8.6,4.3,0.5,38,38,385,6.42,3.21,38,38
141,,141,touweideng_0.png,"[touweideng_0.png,touweideng_1.png]","[touweideng_0.png,touweideng_1.png]",3,0,0,8640,3456,384,480,2.62,1.31,26,13,0.28,38,38,1.55,0.77,15.5,7.7,0.514,38,38,1.59,0.79,15.9,7.9,0.5,38,38,193,3.22,1.61,38,38
142,,142,touweideng_0.png,"[touweideng_0.png,touweideng_1.png]","[touweideng_0.png,touweideng_1.png]",3,0,0,8640,3456,384,480,2.3,1.15,23,11,0.28,38,38,0.72,0.36,7.2,3.6,0.507,38,38,0.61,0.3,6.1,3,0.5,38,38,321,5.35,2.67,38,38
143,,143,touweideng_0.png,"[touweideng_0.png,touweideng_1.png]","[touweideng_0.png,touweideng_1.png]",3,0,0,8640,3456,384,480,2.37,1.18,23,11,0.28,38,38,0.77,0.38,7.7,3.8,0.5,38,38,1.61,0.8,16.1,8,0.5,38,38,253,4.22,2.11,38,38
144,,144,touweideng_0.png,"[touweideng_0.png,touweideng_1.png]","[touweideng_0.png,touweideng_1.png]",3,0,0,8640,3456,384,480,2.68,1.34,26,13,0.28,38,38,1.23,0.61,12.3,6.1,0.493,38,38,1.77,0.88,17.7,8.8,0.5,38,38,197,3.29,1.64,38,38
145,,145,touweideng_0.png,"[touweideng_0.png,touweideng_1.png]","[touweideng_0.png,touweideng_1.png]",3,0,0,8640,3456,384,480,2.18,1.09,21,10,0.28,38,38,0.65,0.32,6.5,3.2,0.486,38,38,1.34,0.67,13.4,6.7,0.5,38,38,289,4.82,2.41,38,38
146,,146,touweideng_0.png,"[touweideng_0.png,touweideng_1.png]","[touweideng_0.png,touweideng_1.png]",3,0,0,8640,3456,384,480,3.13,1.56,31,15,0.3,34,34,1.24,0.62,12.4,6.2,0.479,34,34,1.45,0.72,14.5,7.2,0.5,34,34,189,3.16,1.58,34,34
147,,147,touweideng_0.png,"[touweideng_0.png,touweideng_1.png]","[touweideng_0.png,touweideng_1.png]",3,0,0,10080,4032,384,480,2.83,1.41,28,14,0.3,34,34,1.34,0.67,13.4,6.7,0.472,34,34,0.84,0.42,8.4,4.2,0.5,34,34,327,5.46,2.73,34,34
148,,148,touweideng_0.png,"[touweideng_0.png,touweideng_1.png]","[touweideng_0.png,touweideng_1.png]",3,0,0,10080,4032,384,480,2.69,1.34,26,13,0.3,34,34,1.57,0.78,15.7,7.8,0.465,34,34,1.47,0.73,14.7,7.3,0.5,34,34,284,4.74,2.37,34,34
149,,149,touweideng_0.png,"[touweideng_0.png,touweideng_1.png]","[touweideng_0.png,touweideng_1.png]",3,0,0,10080,4032,384,480,2.53,1.26,25,12,0.3,34,34,1.05,0.52,10.5,5.2,0.458,34,34,1.01,0.5,10.1,5,0.5,34,34,353,5.89,2.94,34,34
150,,150,touweideng_0.png,"[touweideng_0.png,touweideng_1.png]","[touweideng_0.png,touweideng_1.png]",3,0,0,17280,6912,576,720,2.61,1.3,26,13,0.3,34,34,2.46,1.23,24.6,12.3,0.452,34,34,1.65,0.82,16.5,8.2,0.5,34,34,315,5.26,2.63,34,34
151,,151,touweideng_0.png,"[touweideng_0.png,touweideng_1.png]","[touweideng_0.png,touweideng_1.png]",3,0,0,15120,6048,576,720,3.21,1.6,32,16,0.3,34,34,1.33,0.66,13.3,6.6,0.446,34,34,1.48,0.74,14.8,7.4,0.5,34,34,267,4.45,2.22,34,34
152,,152,touweideng_0.png,"[touweideng_0.png,touweideng_1.png]","[touweideng_0.png,touweideng_1.png]",3,0,0,15120,6048,576,720,2.01,1,20,10,0.3,34,34,1.15,0.57,11.5,5.7,0.44,34,34,1.87,0.93,18.7,9.3,0.5,34,34,327,5.45,2.72,34,34
153,,153,touweideng_0.png,"[touweideng_0.png,touweideng_1.png]","[touweideng_0.png,touweideng_1.png]",3,0,0,15120,6048,576,720,2.75,1.37,27,13,0.3,34,34,1.16,0.58,11.6,5.8,0.434,34,34,1.31,0.65,13.1,6.5,0.5,34,34,315,5.26,2.63,34,34
154,,154,touweideng_0.png,"[touweideng_0.png,touweideng_1.png]","[touweideng_0.png,touweideng_1.png]",3,0,0,15120,6048,576,720,1.91,0.95,19,9,0.3,34,34,1.35,0.67,13.5,6.7,0.428,34,34,1.65,0.82,16.5,8.2,0.5,34,34,334,5.58,2.79,34,34
155,,155,touweideng_0.png,"[touweideng_0.png,touweideng_1.png]","[touweideng_0.png,touweideng_1.png]",3,0,0,15120,6048,576,720,3.2,1.6,32,16,0.32,30,30,0.76,0.38,7.6,3.8,0.422,30,30,1.69,0.84,16.9,8.4,0.5,30,30,289,4.83,2.41,30,30
156,,156,touweideng_0.png,"[touweideng_0.png,touweideng_1.png]","[touweideng_0.png,touweideng_1.png]",3,0,0,15120,6048,576,720,3.19,1.59,31,15,0.32,30,30,1.43,0.71,14.3,7.1,0.416,30,30,1.5,0.75,15,7.5,0.5,30,30,261,4.36,2.18,30,30
157,,157,touweideng_0.png,"[touweideng_0.png,touweideng_1.png]","[touweideng_0.png,touweideng_1.png]",3,0,0,17280,6912,576,720,4.21,2.1,42,21,0.32,30,30,1.04,0.52,10.4,5.2,0.41,30,30,1.23,0.61,12.3,6.1,0.5,30,30,330,5.5,2.75,30,30
158,,158,touweideng_0.png,"[touweideng_0.png,touweideng_1.png]","[touweideng_0.png,touweideng_1.png]",3,0,0,17280,6912,576,720,3.33,1.66,33,16,0.32,30,30,0.56,0.28,5.6,2.8,0.404,30,30,1.28,0.64,12.8,6.4,0.5,30,30,408,6.81,3.4,30,30
159,,159,touweideng_0.png,"[touweideng_0.png,touweideng_1.png]","[touweideng_0.png,touweideng_1.png]",3,0,0,17280,6912,576,720,2.5,1.25,25,12,0.32,30,30,2.04,1.02,20.4,10.2,0.398,30,30,1.35,0.67,13.5,6.7,0.5,30,30,364,6.08,3.04,30,30
160,,160,touweideng_0.png,"[touweideng_0.png,touweideng_1.png]","[touweideng_0.png,touweideng_1.png]",3,0,0,19440,7776,576,720,2.73,1.36,27,13,0.32,30,30,1.54,0.77,15.4,7.7,0.392,30,30,1.89,0.94,18.9,9.4,0.5,30,30,439,7.32,3.66,30,30
161,,161,touweideng_0.png,"[touweideng_0.png,touweideng_1.png]","[touweideng_0.png,touweideng_1.png]",3,0,0,34560,13824,1152,1440,2.58,1.29,25,12,0.32,30,30,1.56,0.78,15.6,7.8,0.386,30,30,1.85,0.92,18.5,9.2,0.5,30,30,359,5.99,2.99,30,30
162,,162,touweideng_0.png,"[touweideng_0.png,touweideng_1.png]","[touweideng_0.png,touweideng_1.png]",3,0,0,34560,13824,1152,1440,2.86,1.43,28,14,0.32,30,30,1.55,0.77,15.5,7.7,0.38,30,30,1.51,0.75,15.1,7.5,0.5,30,30,364,6.07,3.03,30,30
163,,163,touweideng_0.png,"[touweideng_0.png,touweideng_1.png]","[touweideng_0.png,touweideng_1.png]",3,0,0,34560,13824,1152,1440,3.39,1.69,33,16,0.32,30,30,1.93,0.96,19.3,9.6,0.375,30,30,1.06,0.53,10.6,5.3,0.5,30,30,335,5.59,2.79,30,30
164,,164,touweideng_0.png,"[touweideng_0.png,touweideng_1.png]","[touweideng_0.png,touweideng_1.png]",3,0,0,34560,13824,1152,1440,2.51,1.25,25,12,0.34,27,27,1.93,0.96,19.3,9.6,0.37,27,27,0.73,0.36,7.3,3.6,0.5,27,27,409,6.82,3.41,27,27
165,,165,touweideng_0.png,"[touweideng_0.png,touweideng_1.png]","[touweideng_0.png,touweideng_1.png]",3,0,0,34560,13824,1152,1440,2.25,1.12,22,11,0.34,27,27,1.6,0.8,16,8,0.365,27,27,1.19,0.59,11.9,5.9,0.5,27,27,415,6.93,3.46,27,27
166,,166,touweideng_0.png,"[touweideng_0.png,touweideng_1.png]","[touweideng_0.png,touweideng_1.png]",3,0,0,34560,13824,1152,1440,2.96,1.48,29,14,0.34,27,27,0.79,0.39,7.9,3.9,0.36,27,27,1.15,0.57,11.5,5.7,0.5,27,27,425,7.09,3.54,27,27
167,,167,touweideng_0.png,"[touweideng_0.png,touweideng_1.png]","[touweideng_0.png,touweideng_1.png]",3,0,0,38880,15552,1152,1440,4.42,2.21,44,22,0.34,27,27,2.07,1.03,20.7,10.3,0.355,27,27,1.61,0.8,16.1,8,0.5,27,27,322,5.37,2.68,27,27
168,,168,touweideng_0.png,"[touweideng_0.png,touweideng_1.png]","[touweideng_0.png,touweideng_1.png]",3,0,0,38880,15552,1152,1440,4.28,2.14,42,21,0.34,27,27,2.35,1.17,23.5,11.7,0.35,27,27,2.47,1.23,24.7,12.3,0.5,27,27,262,4.38,2.19,27,27
169,,169,touweideng_0.png,"[touweideng_0.png,touweideng_1.png]","[touweideng_0.png,touweideng_1.png]",3,0,0,38880,15552,1152,1440,3.06,1.53,30,15,0.34,27,27,2.57,1.28,25.7,12.8,0.345,27,27,1.47,0.73,14.7,7.3,0.5,27,27,382,6.38,3.19,27,27
170,,170,touweideng_0.png,"[touweideng_0.png,touweideng_1.png]","[touweideng_0.png,touweideng_1.png]",3,0,0,43200,17280,1152,1440,4.56,2.28,45,22,0.34,27,27,1.58,0.79,15.8,7.9,0.34,27,27,1.67,0.83,16.7,8.3,0.5,27,27,430,7.18,3.59,27,27
171,,171,touweideng_0.png,"[touweideng_0.png,touweideng_1.png]","[touweideng_0.png,touweideng_1.png]",3,0,0,38880,15552,1152,1440,2.19,1.09,21,10,0.34,27,27,2.16,1.08,21.6,10.8,0.335,27,27,2,1,20,10,0.5,27,27,427,7.13,3.56,27,27
172,,172,touweideng_0.png,"[touweideng_0.png,touweideng_1.png]","[touweideng_0.png,touweideng_1.png]",3,0,0,38880,15552,1152,1440,4.16,2.08,41,20,0.34,27,27,1.13,0.56,11.3,5.6,0.33,27,27,2.58,1.29,25.8,12.9,0.5,27,27,337,5.62,2.81,27,27
173,,173,touweideng_0.png,"[touweideng_0.png,touweideng_1.png]","[touweideng_0.png,touweideng_1.png]",3,0,0,38880,15552,1152,1440,2.8,1.4,28,14,0.36,24,24,1.68,0.84,16.8,8.4,0.325,24,24,0.89,0.44,8.9,4.4,0.5,24,24,487,8.12,4.06,24,24
174,,174,touweideng_0.png,"[touweideng_0.png,touweideng_1.png]","[touweideng_0.png,touweideng_1.png]",3,0,0,38880,15552,1152,1440,3.9,1.95,39,19,0.36,24,24,2.39,1.19,23.9,11.9,0.32,24,24,2.73,1.36,27.3,13.6,0.5,24,24,267,4.46,2.23,24,24
175,,175,touweideng_0.png,"[touweideng_0.png,touweideng_1.png]","[touweideng_0.png,touweideng_1.png]",3,0,0,38880,15552,1152,1440,2.89,1.44,28,14,0.36,24,24,2.41,1.2,24.1,12,0.315,24,24,2.04,1.02,20.4,10.2,0.5,24,24,368,6.14,3.07,24,24
176,,176,touweideng_0.png,"[touweideng_0.png,touweideng_1.png]","[touweideng_0.png,touweideng_1.png]",3,0,0,38880,15552,1152,1440,3.64,1.82,36,18,0.36,24,24,1.35,0.67,13.5,6.7,0.31,24,24,2.09,1.04,20.9,10.4,0.5,24,24,384,6.4,3.2,24,24
177,,177,touweideng_0.png,"[touweideng_0.png,touweideng_1.png]","[touweideng_0.png,touweideng_1.png]",3,0,0,43200,17280,1152,1440,4.7,2.35,47,23,0.36,24,24,2.35,1.17,23.5,11.7,0.305,24,24,2.37,1.18,23.7,11.8,0.5,24,24,333,5.56,2.78,24,24
178,,178,touweideng_0.png,"[touweideng_0.png,touweideng_1.png]","[touweideng_0.png,touweideng_1.png]",3,0,0,43200,17280,1152,1440,4.8,2.4,48,24,0.36,24,24,2.64,1.32,26.4,13.2,0.301,24,24,0.93,0.46,9.3,4.6,0.5,24,24,396,6.6,3.3,24,24
179,,179,touweideng_0.png,"[touweideng_0.png,touweideng_1.png]","[touweideng_0.png,touweideng_1.png]",3,0,0,43200,17280,1152,1440,3.66,1.83,36,18,0.36,24,24,1.39,0.69,13.9,6.9,0.297,24,24,1.97,0.98,19.7,9.8,0.5,24,24,477,7.96,3.98,24,24
180,,180,touweideng_0.png,"[touweideng_0.png,touweideng_1.png]","[touweideng_0.png,touweideng_1.png]",3,0,0,47520,19008,1152,1440,4.38,2.19,43,21,0.36,24,24,2.99,1.49,29.9,14.9,0.293,24,24,1.28,0.64,12.8,6.4,0.5,24,24,469,7.83,3.91,24,24
181,,181,touweideng_0.png,"[touweideng_0.png,touweideng_1.png]","[touweideng_0.png,touweideng_1.png]",3,0,0,43200,17280,1152,1440,3.2,1.6,32,16,0.36,24,24,1.32,0.66,13.2,6.6,0.289,24,24,0.96,0.48,9.6,4.8,0.5,24,24,570,9.5,4.75,24,24
182,,182,touweideng_0.png,"[touweideng_0.png,touweideng_1.png]","[touweideng_0.png,touweideng_1.png]",3,0,0,43200,17280,1152,1440,3.11,1.55,31,15,0.38,21,21,1.79,0.89,17.9,8.9,0.285,21,21,1.88,0.94,18.8,9.4,0.5,21,21,492,8.2,4.1,21,21
183,,183,touweideng_0.png,"[touweideng_0.png,touweideng_1.png]","[touweideng_0.png,touweideng_1.png]",3,0,0,43200,17280,1152,1440,3.74,1.87,37,18,0.38,21,21,2.27,1.13,22.7,11.3,0.281,21,21,1.91,0.95,19.1,9.5,0.5,21,21,423,7.06,3.53,21,21
184,,184,touweideng_0.png,"[touweideng_0.png,touweideng_1.png]","[touweideng_0.png,touweideng_1.png]",3,0,0,43200,17280,1152,1440,2.75,1.37,27,13,0.38,21,21,1.38,0.69,13.8,6.9,0.277,21,21,0.9,0.45,9,4.5,0.5,21,21,597,9.96,4.98,21,21
185,,185,touweideng_0.png,"[touweideng_0.png,touweideng_1.png]","[touweideng_0.png,touweideng_1.png]",3,0,0,43200,17280,1152,1440,4.5,2.25,45,22,0.38,21,21,1.94,0.97,19.4,9.7,0.273,21,21,2.08,1.04,20.8,10.4,0.5,21,21,387,6.46,3.23,21,21
186,,186,touweideng_0.png,"[touweideng_0.png,touweideng_1.png]","[touweideng_0.png,touweideng_1.png]",3,0,0,43200,17280,1152,1440,3.78,1.89,37,18,0.38,21,21,2.87,1.43,28.7,14.3,0.269,21,21,2.59,1.29,25.9,12.9,0.5,21,21,343,5.73,2.86,21,21
187,,187,touweideng_0.png,"[touweideng_0.png,touweideng_1.png]","[touweideng_0.png,touweideng_1.png]",3,0,0,47520,19008,1152,1440,5.53,2.76,55,27,0.38,21,21,2.73,1.36,27.3,13.6,0.265,21,21,2.01,1,20.1,10,0.5,21,21,372,6.21,3.1,21,21
188,,188,touweideng_0.png,"[touweideng_0.png,touweideng_1.png]","[touweideng_0.png,touweideng_1.png]",3,0,0,47520,19008,1152,1440,4,2,40,20,0.38,21,21,1.81,0.9,18.1,9,0.261,21,21,1.03,0.51,10.3,5.1,0.5,21,21,578,9.64,4.82,21,21
189,,189,touweideng_0.png,"[touweideng_0.png,touweideng_1.png]","[touweideng_0.png,touweideng_1.png]",3,0,0,47520,19008,1152,1440,3.43,1.71,34,17,0.38,21,21,2.64,1.32,26.4,13.2,0.257,21,21,2.4,1.2,24,12,0.5,21,21,481,8.02,4.01,21,21
190,,190,touweideng_0.png,"[touweideng_0.png,touweideng_1.png]","[touweideng_0.png,touweideng_1.png]",3,0,0,51840,20736,1152,1440,6.08,3.04,60,30,0.38,21,21,3.1,1.55,31,15.5,0.253,21,21,1.28,0.64,12.8,6.4,0.5,21,21,451,7.53,3.76,21,21
191,,191,touweideng_0.png,"[touweideng_0.png,touweideng_1.png]","[touweideng_0.png,touweideng_1.png]",3,0,0,47520,19008,1152,1440,4.74,2.37,47,23,0.4,18,18,1.76,0.88,17.6,8.8,0.249,18,18,0.88,0.44,8.8,4.4,0.5,18,18,546,9.1,4.55,18,18
192,,192,touweideng_0.png,"[touweideng_0.png,touweideng_1.png]","[touweideng_0.png,touweideng_1.png]",3,0,0,47520,19008,1152,1440,3.14,1.57,31,15,0.4,18,18,1.52,0.76,15.2,7.6,0.245,18,18,2.21,1.1,22.1,11,0.5,18,18,576,9.61,4.8,18,18
193,,193,touweideng_0.png,"[touweideng_0.png,touweideng_1.png]","[touweideng_0.png,touweideng_1.png]",3,0,0,47520,19008,1152,1440,4.3,2.15,43,21,0.4,18,18,3.4,1.7,34,17,0.241,18,18,2.32,1.16,23.2,11.6,0.5,18,18,388,6.48,3.24,18,18
194,,194,touweideng_0.png,"[touweideng_0.png,touweideng_1.png]","[touweideng_0.png,touweideng_1.png]",3,0,0,47520,19008,1152,1440,3.14,1.57,31,15,0.4,18,18,1.96,0.98,19.6,9.8,0.237,18,18,0.96,0.48,9.6,4.8,0.5,18,18,625,10.42,5.21,18,18
195,,195,touweideng_0.png,"[touweideng_0.png,touweideng_1.png]","[touweideng_0.png,touweideng_1.png]",3,0,0,47520,19008,1152,1440,4.55,2.27,45,22,0.4,18,18,1.45,0.72,14.5,7.2,0.233,18,18,1.71,0.85,17.1,8.5,0.5,18,18,525,8.76,4.38,18,18
196,,196,touweideng_0.png,"[touweideng_0.png,touweideng_1.png]","[touweideng_0.png,touweideng_1.png]",3,0,0,47520,19008,1152,1440,4.96,2.48,49,24,0.4,18,18,1.22,0.61,12.2,6.1,0.229,18,18,1.34,0.67,13.4,6.7,0.5,18,18,538,8.97,4.48,18,18
197,,197,touweideng_0.png,"[touweideng_0.png,touweideng_1.png]","[touweideng_0.png,touweideng_1.png]",3,0,0,51840,20736,1152,1440,4.12,2.06,41,20,0.4,18,18,2.45,1.22,24.5,12.2,0.226,18,18,2.68,1.34,26.8,13.4,0.5,18,18,524,8.74,4.37,18,18
198,,198,touweideng_0.png,"[touweideng_0.png,touweideng_1.png]","[touweideng_0.png,touweideng_1.png]",3,0,0,51840,20736,1152,1440,5.19,2.59,51,25,0.4,18,18,2.15,1.07,21.5,10.7,0.223,18,18,4.06,2.03,40.6,20.3,0.5,18,18,394,6.58,3.29,18,18
199,,199,touweideng_0.png,"[touweideng_0.png,touweideng_1.png]","[touweideng_0.png,touweideng_1.png]",3,0,0,51840,20736,1152,1440,3.7,1.85,37,18,0.4,18,18,2.08,1.04,20.8,10.4,0.22,18,18,3.43,1.71,34.3,17.1,0.5,18,18,526,8.77,4.38,18,18
200,,200,touweideng_0.png,"[touweideng_0.png,touweideng_1.png]","[touweideng_0.png,touweideng_1.png]",3,0,0,56160,22464,1152,1440,3.73,1.86,37,18,0.42,16,16,1.19,0.59,11.9,5.9,0.217,16,16,3.24,1.62,32.4,16.2,0.5,16,16,679,11.33,5.66,16,16
