ID,备注列,在哪个采集中,植物的ID,权重
ID,,GatherAddressID,PlantID,Weight
string,,string,string,int
1001,,1001,501,100
1002,,1001,502,100
1003,,1001,503,100
1004,,1001,504,100
1005,,1001,505,100
1006,,1001,506,100
1007,,1001,507,100
1008,,1001,508,100
1009,,1001,509,100
1010,,1001,510,100
1011,,1003,511,100
1012,,1003,512,100
1013,,1003,513,100
1014,,1003,514,100
1015,,1003,515,100
1016,,1004,516,100
1017,,1004,517,100
1018,,1004,518,100
1019,,1004,519,100
1020,,1004,520,100
1021,,1005,521,100
1022,,1005,522,100
1023,,1005,523,100
1024,,1005,524,100
1025,,1005,525,100
1026,,1006,526,100
1027,,1006,527,100
1028,,1006,528,100
1029,,1006,529,100
1030,,1006,530,100
1031,,1007,531,100
1032,,1007,532,100
1033,,1007,533,100
1034,,1007,534,100
1035,,1007,535,100
1036,,1008,536,100
1037,,1008,537,100
1038,,1008,538,100
1039,,1008,539,100
1040,,1008,540,100
1041,,1009,541,100
1042,,1009,542,100
1043,,1009,543,100
1044,,1009,544,100
1045,,1009,545,100
1046,,1010,546,100
1047,,1010,547,100
1048,,1010,548,100
1049,,1010,549,100
1050,,1010,550,100
