ID,备注列,在哪个采集中,鱼的ID,权重
ID,,GatherAddressID,FishID,Weight
string,,string,string,int
1001,,1001,101,100
1002,,1001,102,100
1003,,1001,103,100
1004,,1001,104,100
1005,,1001,105,100
1006,,1001,106,100
1007,,1001,107,50
1008,,1001,108,50
1009,,1001,109,50
1010,,1001,110,20
1011,,1002,111,100
1012,,1002,112,100
1013,,1002,113,100
1014,,1002,114,100
1015,,1002,115,100
1016,,1002,116,100
1017,,1002,117,50
1018,,1002,118,50
1019,,1002,119,50
1020,,1002,120,20
1021,,1003,121,100
1022,,1003,122,100
1023,,1003,123,100
1024,,1003,124,100
1025,,1003,125,100
1026,,1003,126,100
1027,,1003,127,50
1028,,1003,128,50
1029,,1003,129,50
1030,,1003,130,20
1031,,1004,131,100
1032,,1004,132,100
1033,,1004,133,100
1034,,1004,134,100
1035,,1004,135,100
1036,,1004,136,100
1037,,1004,137,50
1038,,1004,138,50
1039,,1004,139,50
1040,,1004,140,20
1041,,1005,141,100
1042,,1005,142,100
1043,,1005,143,100
1044,,1005,144,100
1045,,1005,145,100
1046,,1005,146,100
1047,,1005,147,50
1048,,1005,148,50
1049,,1005,149,50
1050,,1005,150,20
1051,,1006,151,100
1052,,1006,152,100
1053,,1006,153,100
1054,,1006,154,100
1055,,1006,155,100
1056,,1006,156,100
1057,,1006,157,50
1058,,1006,158,50
1059,,1006,159,50
1060,,1006,160,20
1061,,1007,161,100
1062,,1007,162,100
1063,,1007,163,100
1064,,1007,164,100
1065,,1007,165,100
1066,,1007,166,100
1067,,1007,167,50
1068,,1007,168,50
1069,,1007,169,50
1070,,1007,170,20
1071,,1008,171,100
1072,,1008,172,100
1073,,1008,173,100
1074,,1008,174,100
1075,,1008,175,100
1076,,1008,176,100
1077,,1008,177,50
1078,,1008,178,50
1079,,1008,179,50
1080,,1008,180,20
1081,,1009,181,100
1082,,1009,182,100
1083,,1009,183,100
1084,,1009,184,100
1085,,1009,185,100
1086,,1009,186,100
1087,,1009,187,50
1088,,1009,188,50
1089,,1009,189,50
1090,,1009,190,20
1091,,1010,191,100
1092,,1010,192,100
1093,,1010,193,100
1094,,1010,194,100
1095,,1010,195,100
1096,,1010,196,100
1097,,1010,197,50
1098,,1010,198,50
1099,,1010,199,50
1100,,1010,200,20
