ID,备注列,名称,美术资源-前景,美术资源-中景,美术资源-后景,美术资源-图标,购买价格,占用空间,每分钟提供的食物数量,每分钟消耗的二氧化碳数量,每分钟产生的氧气数量,每分钟营养消耗的数量,每分钟消耗的垃圾,垃圾的最大含量百分比,因为垃圾过量死亡时,因为营养不足死亡时,成年时间,死亡后二氧化碳的产出量,死亡后氧气的消耗量,死亡后垃圾的产出量
ID,,name,foregroundSprite,midgroundSprite,backgroundSprite,IconSprite,Price,space,FoodNum,CO2Cost,O2Produce,NutrientCost,WasteCost,WasteMaxProportion,WasteDeath,NutrientDeath,AdultTime,DeathCO2Produce,DeathO2Cost,DeathWasteProduce
string,,string,string[],string[],string[],string,int,float,float,float,float,float,float,float,int,int,int,float,float,float
501,,501,[niumaocao_00.png],[niumaocao_01.png],[niumaocao_02.png],nongmaocao_icon.png,100,0.05,0.0719,0.0149,0.0405,0.135,0.0225,0.8,60,60,60,0.5,0.5,0.5
502,,502,"[null,null,null]","[honggong_1.png,honggong_2.png,honggong_3.png]","[null,null,null]",honggongting_icon.png,100,0.05,0.0483,0.0256,0.0515,0.135,0.0244,0.8,60,60,60,0.5,0.5,0.5
503,,503,"[null,null,null]","[lvgong_1.png,lvgong_2.png,lvgong_3.png]","[null,null,null]",lvgongting_icon.png,100,0.01,0.0141,0.0023,0.0086,0.027,0.0048,0.8,60,60,60,0.1,0.1,0.1
504,,504,[null],[changshuicao20.png],[null],changshuicao20.png,100,0.02,0.0306,0.0089,0.0118,0.054,0.0085,0.8,60,60,60,0.2,0.2,0.2
505,,505,[null],[changshuicao30.png],[null],changshuicao30.png,100,0.04,0.0504,0.008,0.0319,0.108,0.0295,0.8,60,60,60,0.4,0.4,0.4
506,,506,[null],[changshuicao40.png],[null],changshuicao40.png,300,0.02,0.0256,0.01,0.0146,0.0518,0.0102,0.8,60,60,60,0.2,0.2,0.2
507,,507,[null],[diai.png],[null],diai.png,300,0.02,0.0282,0.0065,0.0137,0.0523,0.0126,0.8,60,60,60,0.2,0.2,0.2
508,,508,[null],[cao1.png],[null],cao1.png,300,0.04,0.0481,0.0239,0.0245,0.1057,0.027,0.8,60,60,60,0.4,0.4,0.4
509,,509,[null],[cao3.png],[null],cao3.png,300,0.02,0.0353,0.0092,0.0083,0.0533,0.0094,0.8,60,60,60,0.2,0.2,0.2
510,,510,[null],[niumaocao_1.png],[null],niumaocao_1.png,300,0.04,0.0489,0.0139,0.0435,0.1078,0.0197,0.8,60,60,60,0.4,0.4,0.4
511,,511,[null],[changshuicao40.png],[null],changshuicao40.png,900,0.03,0.0466,0.0129,0.0241,0.0775,0.0117,0.8,60,60,60,0.3,0.3,0.3
512,,512,[null],[changshuicao40.png],[null],changshuicao40.png,900,0.01,0.0157,0.0044,0.0074,0.0261,0.0045,0.8,60,60,60,0.1,0.1,0.1
513,,513,[null],[changshuicao40.png],[null],changshuicao40.png,900,0.01,0.0153,0.0043,0.0084,0.0263,0.0042,0.8,60,60,60,0.1,0.1,0.1
514,,514,[null],[changshuicao40.png],[null],changshuicao40.png,900,0.01,0.0122,0.0035,0.0098,0.0266,0.0071,0.8,60,60,60,0.1,0.1,0.1
515,,515,[null],[changshuicao40.png],[null],changshuicao40.png,900,0.02,0.0335,0.0055,0.0142,0.0538,0.0129,0.8,60,60,60,0.2,0.2,0.2
516,,516,[null],[changshuicao40.png],[null],changshuicao40.png,2700,0.02,0.0338,0.0062,0.0186,0.0516,0.008,0.8,60,60,60,0.2,0.2,0.2
517,,517,[null],[changshuicao40.png],[null],changshuicao40.png,2700,0.01,0.0123,0.0043,0.0107,0.026,0.0064,0.8,60,60,60,0.1,0.1,0.1
518,,518,[null],[changshuicao40.png],[null],changshuicao40.png,2700,0.01,0.0168,0.0026,0.0075,0.0263,0.0071,0.8,60,60,60,0.1,0.1,0.1
519,,519,[null],[changshuicao40.png],[null],changshuicao40.png,2700,0.03,0.0381,0.0147,0.0297,0.0798,0.0208,0.8,60,60,60,0.3,0.3,0.3
520,,520,[null],[changshuicao40.png],[null],changshuicao40.png,2700,0.01,0.0176,0.0036,0.0089,0.0268,0.0045,0.8,60,60,60,0.1,0.1,0.1
521,,521,[null],[changshuicao40.png],[null],changshuicao40.png,8100,0.02,0.0361,0.0063,0.0165,0.0515,0.0113,0.8,60,60,60,0.2,0.2,0.2
522,,522,[null],[changshuicao40.png],[null],changshuicao40.png,8100,0.01,0.0172,0.0056,0.0071,0.026,0.0055,0.8,60,60,60,0.1,0.1,0.1
523,,523,[null],[changshuicao40.png],[null],changshuicao40.png,8100,0.01,0.0204,0.0036,0.006,0.0263,0.0058,0.8,60,60,60,0.1,0.1,0.1
524,,524,[null],[changshuicao40.png],[null],changshuicao40.png,8100,0.04,0.0741,0.0098,0.0334,0.1062,0.0276,0.8,60,60,60,0.4,0.4,0.4
525,,525,[null],[changshuicao40.png],[null],changshuicao40.png,8100,0.03,0.0597,0.0147,0.0196,0.0805,0.0156,0.8,60,60,60,0.3,0.3,0.3
526,,526,[null],[changshuicao40.png],[null],changshuicao40.png,24300,0.04,0.054,0.0273,0.0341,0.1029,0.0322,0.8,60,60,60,0.4,0.4,0.4
527,,527,[null],[changshuicao40.png],[null],changshuicao40.png,24300,0.03,0.0535,0.0074,0.0345,0.078,0.0163,0.8,60,60,60,0.3,0.3,0.3
528,,528,[null],[changshuicao40.png],[null],changshuicao40.png,24300,0.04,0.0744,0.0181,0.029,0.105,0.0291,0.8,60,60,60,0.4,0.4,0.4
529,,529,[null],[changshuicao40.png],[null],changshuicao40.png,24300,0.02,0.0292,0.0123,0.0203,0.053,0.0142,0.8,60,60,60,0.2,0.2,0.2
530,,530,[null],[changshuicao40.png],[null],changshuicao40.png,24300,0.04,0.0801,0.0097,0.0377,0.1071,0.0262,0.8,60,60,60,0.4,0.4,0.4
531,,531,[null],[changshuicao40.png],[null],changshuicao40.png,72900,0.03,0.0608,0.0108,0.0295,0.0771,0.0153,0.8,60,60,60,0.3,0.3,0.3
532,,532,[null],[changshuicao40.png],[null],changshuicao40.png,72900,0.02,0.0292,0.0123,0.0216,0.0519,0.0153,0.8,60,60,60,0.2,0.2,0.2
533,,533,[null],[changshuicao40.png],[null],changshuicao40.png,72900,0.04,0.0587,0.0241,0.0486,0.1048,0.027,0.8,60,60,60,0.4,0.4,0.4
534,,534,[null],[changshuicao40.png],[null],changshuicao40.png,72900,0.01,0.0217,0.0041,0.007,0.0264,0.0071,0.8,60,60,60,0.1,0.1,0.1
535,,535,[null],[changshuicao40.png],[null],changshuicao40.png,72900,0.01,0.0213,0.0057,0.0066,0.0267,0.0067,0.8,60,60,60,0.1,0.1,0.1
536,,536,[null],[changshuicao40.png],[null],changshuicao40.png,218700,0.01,0.0202,0.0047,0.0101,0.0256,0.0056,0.8,60,60,60,0.1,0.1,0.1
537,,537,[null],[changshuicao40.png],[null],changshuicao40.png,218700,0.01,0.0157,0.0036,0.0146,0.0259,0.0071,0.8,60,60,60,0.1,0.1,0.1
538,,538,[null],[changshuicao40.png],[null],changshuicao40.png,218700,0.04,0.0989,0.0081,0.0347,0.1047,0.0247,0.8,60,60,60,0.4,0.4,0.4
539,,539,[null],[changshuicao40.png],[null],changshuicao40.png,218700,0.02,0.0487,0.006,0.018,0.0528,0.0113,0.8,60,60,60,0.2,0.2,0.2
540,,540,[null],[changshuicao40.png],[null],changshuicao40.png,218700,0.01,0.0259,0.0025,0.0072,0.0267,0.0067,0.8,60,60,60,0.1,0.1,0.1
541,,541,[null],[changshuicao40.png],[null],changshuicao40.png,656100,0.04,0.0638,0.0351,0.0419,0.1025,0.0306,0.8,60,60,60,0.4,0.4,0.4
542,,542,[null],[changshuicao40.png],[null],changshuicao40.png,656100,0.01,0.0234,0.0056,0.0078,0.0258,0.0063,0.8,60,60,60,0.1,0.1,0.1
543,,543,[null],[changshuicao40.png],[null],changshuicao40.png,656100,0.02,0.0415,0.0153,0.0152,0.0522,0.0152,0.8,60,60,60,0.2,0.2,0.2
544,,544,[null],[changshuicao40.png],[null],changshuicao40.png,656100,0.02,0.0475,0.0045,0.0221,0.0528,0.0142,0.8,60,60,60,0.2,0.2,0.2
545,,545,[null],[changshuicao40.png],[null],changshuicao40.png,656100,0.02,0.0436,0.0142,0.0187,0.0533,0.0126,0.8,60,60,60,0.2,0.2,0.2
546,,546,[null],[changshuicao40.png],[null],changshuicao40.png,1968300,0.01,0.0253,0.0068,0.0064,0.0255,0.0065,0.8,60,60,60,0.1,0.1,0.1
547,,547,[null],[changshuicao40.png],[null],changshuicao40.png,1968300,0.02,0.0408,0.0073,0.0284,0.0516,0.0144,0.8,60,60,60,0.2,0.2,0.2
548,,548,[null],[changshuicao40.png],[null],changshuicao40.png,1968300,0.01,0.0199,0.0035,0.0141,0.0261,0.0083,0.8,60,60,60,0.1,0.1,0.1
549,,549,[null],[changshuicao40.png],[null],changshuicao40.png,1968300,0.03,0.0606,0.0114,0.0439,0.079,0.0232,0.8,60,60,60,0.3,0.3,0.3
550,,550,[null],[changshuicao40.png],[null],changshuicao40.png,1968300,0.04,0.0764,0.0292,0.0501,0.1065,0.0319,0.8,60,60,60,0.4,0.4,0.4
