ID,备注列,名称,美术资源,活动空间,食物类型,"食物参数,当目标是指定植物或者动物时，这里配置对方的ID",成年鱼购买价格,幼年鱼购买价格,每只成年每间隔多少分钟产下一个幼崽,"成年时间,单位分钟",成年鱼每分钟的氧气消耗量,幼年鱼每分钟的氧气消耗量,成年死鱼每分钟的氧气消耗量,幼年死鱼每分钟的氧气消耗量,氧气的最低含量百分比,成年鱼因为氧气不足死亡时，多少分钟死亡,幼年鱼因为氧气不足死亡时，多少分钟死亡,成年鱼每分钟的二氧化碳产出,幼年鱼每分钟的二氧化碳产出,成年死鱼每分钟的二氧化碳产出,幼年死鱼每分钟的二氧化碳产出,二氧化碳的最大含量百分比,成年鱼因为二氧化碳过量死亡时，多少分钟死亡,幼年鱼因为二氧化碳过量死亡时，多少分钟死亡,成年鱼每分钟的垃圾产出,幼年鱼每分钟的垃圾产出,成年死鱼每分钟的垃圾产出,幼年死鱼每分钟的垃圾产出,垃圾的最大含量百分比,成年鱼因为垃圾过量死亡时,幼年鱼因为垃圾过量死亡时,每只鱼可以提供的食物存储数量,成年鱼每分钟食物消耗,幼年鱼每分钟食物消耗,成年鱼因为食物不足死亡时,幼年鱼因为食物不足死亡时
ID,,name,artResources,activitySpace,foodType,foodParameter,adultPurchasePrice,juvenilePurchasePrice,reproductionTime,adultTime,adultO2Cost,juvenileO2Cost,adultDeathO2Cost,juvenileDeathO2Cost,o2MinProportion,adultO2Death,juvenileO2Death,adultCO2Produce,juvenileCO2Produce,adultDeathCO2Produce,juvenileDeathCO2Produce,co2MaxProportion,adultCO2Death,juvenileCO2Death,adultWasteProduce,juvenileWasteProduce,adultDeathWasteProduce,juvenileDeathWasteProduce,wasteMaxProportion,adultWasteDeath,juvenileWasteDeath,foodReserve,adultFoodCost,juvenileFoodCost,adultFoodDeath,juvenileFoodDeath
string,,string,string[],float,int,string,int,int,int,int,float,float,float,float,float,int,int,float,float,float,float,float,int,int,float,float,float,float,float,int,int,float,float,float,float,float
101,,101,,1,0,0,62,0,10,5,0,0,10,8,0.2,60,60,0,0,10,8,0.8,60,60,0,0,10,8,0.5,60,60,0,0,0,60,60
102,,102,,10,0,0,15781,1700,34,10,1,1,10,8,0.2,60,60,1,1,10,8,0.8,60,60,2,2,10,8,0.5,60,60,120,2,2,60,60
103,,103,,31,0,0,49596,5580,109,10,0,0,10,8,0.2,60,60,0,0,10,8,0.8,60,60,0,0,10,8,0.5,60,60,360,6,6,60,60
104,,104,,25,0,0,121650,13500,262,30,0,0,10,8,0.2,60,60,0,0,10,8,0.8,60,60,3,3,10,8,0.5,60,60,180,3,3,60,60
105,,105,,2,0,0,9866,1140,21,30,2,2,10,8,0.2,60,60,2,2,10,8,0.8,60,60,1,1,10,8,0.5,60,60,120,2,2,60,60
106,,106,,13,0,0,65020,7410,139,30,1,1,10,8,0.2,60,60,0,0,10,8,0.8,60,60,3,3,10,8,0.5,60,60,180,3,3,60,60
107,,107,,13,0,0,65921,7410,137,30,1,1,10,8,0.2,60,60,4,4,10,8,0.8,60,60,1,1,10,8,0.5,60,60,120,2,2,60,60
108,,108,,33,0,0,169662,19800,363,30,0,0,10,8,0.2,60,60,1,1,10,8,0.8,60,60,2,2,10,8,0.5,60,60,300,5,5,60,60
109,,109,,48,0,0,250210,28800,521,30,0,0,10,8,0.2,60,60,0,0,10,8,0.8,60,60,0,0,10,8,0.5,60,60,480,8,8,60,60
110,,110,,10,0,0,105703,12600,225,60,0,0,10,8,0.2,60,60,2,2,10,8,0.8,60,60,6,6,10,8,0.5,60,60,0,0,0,60,60
111,,111,,41,0,0,439418,51660,910,60,0,0,10,8,0.2,60,60,1,1,10,8,0.8,60,60,3,3,10,8,0.5,60,60,240,4,4,60,60
112,,112,,5,0,0,54333,6600,114,60,1,1,10,8,0.2,60,60,0,0,10,8,0.8,60,60,2,2,10,8,0.5,60,60,360,6,6,60,60
113,,113,,21,0,0,231387,27720,475,60,0,0,10,8,0.2,60,60,2,2,10,8,0.8,60,60,2,2,10,8,0.5,60,60,360,6,6,60,60
114,,114,,27,0,0,301653,37260,631,60,0,0,10,8,0.2,60,60,1,1,10,8,0.8,60,60,0,0,10,8,0.5,60,60,540,9,9,60,60
115,,115,,25,0,0,283213,36000,602,60,0,0,10,8,0.2,60,60,0,0,10,8,0.8,60,60,1,1,10,8,0.5,60,60,540,9,9,60,60
116,,116,,34,0,0,390562,48960,809,60,2,2,10,8,0.2,60,60,1,1,10,8,0.8,60,60,5,5,10,8,0.5,60,60,180,3,3,60,60
117,,117,,19,0,0,221313,28500,465,60,3,3,10,8,0.2,60,60,1,1,10,8,0.8,60,60,1,1,10,8,0.5,60,60,360,6,6,60,60
118,,118,,18,0,0,212607,27000,435,60,5,5,10,8,0.2,60,60,3,3,10,8,0.8,60,60,3,3,10,8,0.5,60,60,60,1,1,60,60
119,,119,,18,0,0,431187,56160,894,120,0,0,10,8,0.2,60,60,2,2,10,8,0.8,60,60,0,0,10,8,0.5,60,60,660,11,11,60,60
120,,120,,38,0,0,923085,118560,1867,120,5,5,10,8,0.2,60,60,6,6,10,8,0.8,60,60,0,0,10,8,0.5,60,60,120,2,2,60,60
121,,121,,20,0,0,492673,64800,1008,120,0,0,10,8,0.2,60,60,0,0,10,8,0.8,60,60,5,5,10,8,0.5,60,60,480,8,8,60,60
122,,122,,14,0,0,349732,45360,697,120,2,2,10,8,0.2,60,60,1,1,10,8,0.8,60,60,5,5,10,8,0.5,60,60,360,6,6,60,60
123,,123,,46,0,0,1165337,154560,2350,120,0,0,10,8,0.2,60,60,0,0,10,8,0.8,60,60,1,1,10,8,0.5,60,60,780,13,13,60,60
124,,124,,39,0,0,1001961,135720,2040,120,5,5,10,8,0.2,60,60,2,2,10,8,0.8,60,60,0,0,10,8,0.5,60,60,420,7,7,60,60
125,,125,,22,0,0,573203,76560,1138,120,0,0,10,8,0.2,60,60,0,0,10,8,0.8,60,60,0,0,10,8,0.5,60,60,840,14,14,60,60
126,,126,,5,0,0,132117,18000,264,120,0,0,10,8,0.2,60,60,7,7,10,8,0.8,60,60,8,8,10,8,0.5,60,60,60,1,1,60,60
127,,127,,27,0,0,723556,100440,1460,120,3,3,10,8,0.2,60,60,6,6,10,8,0.8,60,60,6,6,10,8,0.5,60,60,60,1,1,60,60
128,,128,,1,0,0,27178,3720,53,120,3,3,10,8,0.2,60,60,3,3,10,8,0.8,60,60,1,1,10,8,0.5,60,60,660,11,11,60,60
129,,129,,43,0,0,1185302,165120,2350,120,2,2,10,8,0.2,60,60,3,3,10,8,0.8,60,60,8,8,10,8,0.5,60,60,240,4,4,60,60
130,,130,,35,0,0,1957023,277200,3904,240,5,5,10,8,0.2,60,60,2,2,10,8,0.8,60,60,1,1,10,8,0.5,60,60,540,9,9,60,60
131,,131,,3,0,0,170135,23760,331,240,4,4,10,8,0.2,60,60,7,7,10,8,0.8,60,60,3,3,10,8,0.5,60,60,300,5,5,60,60
132,,132,,22,0,0,1265458,179520,2476,240,3,3,10,8,0.2,60,60,1,1,10,8,0.8,60,60,0,0,10,8,0.5,60,60,900,15,15,60,60
133,,133,,5,0,0,291712,42000,573,240,3,3,10,8,0.2,60,60,0,0,10,8,0.8,60,60,9,9,10,8,0.5,60,60,480,8,8,60,60
134,,134,,6,0,0,355062,50400,681,240,3,3,10,8,0.2,60,60,3,3,10,8,0.8,60,60,6,6,10,8,0.5,60,60,540,9,9,60,60
135,,135,,39,0,0,2340962,336960,4507,240,4,4,10,8,0.2,60,60,1,1,10,8,0.8,60,60,1,1,10,8,0.5,60,60,960,16,16,60,60
136,,136,,42,0,0,2557190,372960,4939,240,5,5,10,8,0.2,60,60,12,12,10,8,0.8,60,60,5,5,10,8,0.5,60,60,0,0,0,60,60
137,,137,,46,0,0,2840950,419520,5501,240,3,3,10,8,0.2,60,60,5,5,10,8,0.8,60,60,2,2,10,8,0.5,60,60,840,14,14,60,60
138,,138,,28,0,0,1754138,255360,3316,240,8,8,10,8,0.2,60,60,11,11,10,8,0.8,60,60,1,1,10,8,0.5,60,60,240,4,4,60,60
139,,139,,37,0,0,2351342,346320,4454,240,4,4,10,8,0.2,60,60,11,11,10,8,0.8,60,60,1,1,10,8,0.5,60,60,480,8,8,60,60
140,,140,,16,0,0,2062911,307200,3913,480,7,7,10,8,0.2,60,60,2,2,10,8,0.8,60,60,1,1,10,8,0.5,60,60,900,15,15,60,60
141,,141,,13,0,0,1700312,255840,3228,480,3,3,10,8,0.2,60,60,3,3,10,8,0.8,60,60,4,4,10,8,0.5,60,60,960,16,16,60,60
142,,142,,34,0,0,4511256,669120,8363,480,3,3,10,8,0.2,60,60,14,14,10,8,0.8,60,60,1,1,10,8,0.5,60,60,540,9,9,60,60
143,,143,,12,0,0,1615256,241920,2995,480,6,6,10,8,0.2,60,60,2,2,10,8,0.8,60,60,4,4,10,8,0.5,60,60,900,15,15,60,60
144,,144,,32,0,0,4369787,660480,8104,480,1,1,10,8,0.2,60,60,1,1,10,8,0.8,60,60,22,22,10,8,0.5,60,60,240,4,4,60,60
145,,145,,49,0,0,6788365,1034880,12582,480,3,3,10,8,0.2,60,60,7,7,10,8,0.8,60,60,6,6,10,8,0.5,60,60,780,13,13,60,60
146,,146,,2,0,0,281102,43200,520,480,3,3,10,8,0.2,60,60,4,4,10,8,0.8,60,60,8,8,10,8,0.5,60,60,960,16,16,60,60
147,,147,,37,0,0,5276117,816960,9754,480,8,8,10,8,0.2,60,60,16,16,10,8,0.8,60,60,6,6,10,8,0.5,60,60,60,1,1,60,60
148,,148,,25,0,0,3616910,552000,6532,480,2,2,10,8,0.2,60,60,1,1,10,8,0.8,60,60,17,17,10,8,0.5,60,60,780,13,13,60,60
149,,149,,20,0,0,2935767,451200,5292,480,2,2,10,8,0.2,60,60,8,8,10,8,0.8,60,60,17,17,10,8,0.5,60,60,360,6,6,60,60
150,,150,,14,0,0,3127620,483840,5626,720,0,0,10,8,0.2,60,60,10,10,10,8,0.8,60,60,10,10,10,8,0.5,60,60,840,14,14,60,60
151,,151,,11,0,0,2493392,388080,4473,720,2,2,10,8,0.2,60,60,3,3,10,8,0.8,60,60,25,25,10,8,0.5,60,60,360,6,6,60,60
152,,152,,17,0,0,3909921,612000,6994,720,7,7,10,8,0.2,60,60,2,2,10,8,0.8,60,60,3,3,10,8,0.5,60,60,1500,25,25,60,60
153,,153,,9,0,0,2100351,330480,3744,720,1,1,10,8,0.2,60,60,1,1,10,8,0.8,60,60,6,6,10,8,0.5,60,60,1740,29,29,60,60
154,,154,,36,0,0,8524951,1347840,15144,720,1,1,10,8,0.2,60,60,7,7,10,8,0.8,60,60,26,26,10,8,0.5,60,60,360,6,6,60,60
155,,155,,25,0,0,6007290,954000,10629,720,6,6,10,8,0.2,60,60,5,5,10,8,0.8,60,60,16,16,10,8,0.5,60,60,840,14,14,60,60
156,,156,,49,0,0,11947951,1905120,21051,720,8,8,10,8,0.2,60,60,7,7,10,8,0.8,60,60,3,3,10,8,0.5,60,60,1380,23,23,60,60
157,,157,,35,0,0,8660316,1386000,15189,720,5,5,10,8,0.2,60,60,2,2,10,8,0.8,60,60,19,19,10,8,0.5,60,60,1020,17,17,60,60
158,,158,,49,0,0,12303815,1975680,21474,720,5,5,10,8,0.2,60,60,0,0,10,8,0.8,60,60,9,9,10,8,0.5,60,60,1800,30,30,60,60
159,,159,,5,0,0,1274093,205200,2212,720,3,3,10,8,0.2,60,60,9,9,10,8,0.8,60,60,10,10,10,8,0.5,60,60,1440,24,24,60,60
160,,160,,24,0,0,6206410,1002240,10719,720,4,4,10,8,0.2,60,60,5,5,10,8,0.8,60,60,6,6,10,8,0.5,60,60,1920,32,32,60,60
161,,161,,43,0,0,22570196,3653280,38761,1440,17,17,10,8,0.2,60,60,4,4,10,8,0.8,60,60,10,10,10,8,0.5,60,60,1020,17,17,60,60
162,,162,,3,0,0,1598106,259200,2728,1440,2,2,10,8,0.2,60,60,24,24,10,8,0.8,60,60,7,7,10,8,0.5,60,60,960,16,16,60,60
163,,163,,16,0,0,8650326,1405440,14678,1440,3,3,10,8,0.2,60,60,5,5,10,8,0.8,60,60,12,12,10,8,0.5,60,60,1860,31,31,60,60
164,,164,,36,0,0,19753915,3214080,33306,1440,2,2,10,8,0.2,60,60,5,5,10,8,0.8,60,60,5,5,10,8,0.5,60,60,2520,42,42,60,60
165,,165,,26,0,0,14480132,2358720,24254,1440,11,11,10,8,0.2,60,60,9,9,10,8,0.8,60,60,28,28,10,8,0.5,60,60,420,7,7,60,60
166,,166,,45,0,0,25437283,4147200,42318,1440,11,11,10,8,0.2,60,60,7,7,10,8,0.8,60,60,25,25,10,8,0.5,60,60,780,13,13,60,60
167,,167,,39,0,0,22376512,3706560,37534,1440,12,12,10,8,0.2,60,60,7,7,10,8,0.8,60,60,14,14,10,8,0.5,60,60,1440,24,24,60,60
168,,168,,7,0,0,4076675,675360,6787,1440,11,11,10,8,0.2,60,60,15,15,10,8,0.8,60,60,1,1,10,8,0.5,60,60,1920,32,32,60,60
169,,169,,23,0,0,13596493,2252160,22465,1440,2,2,10,8,0.2,60,60,24,24,10,8,0.8,60,60,27,27,10,8,0.5,60,60,480,8,8,60,60
170,,170,,23,0,0,13801581,2285280,22626,1440,8,8,10,8,0.2,60,60,16,16,10,8,0.8,60,60,39,39,10,8,0.5,60,60,0,0,0,60,60
171,,171,,30,0,0,18274067,3024000,29719,1440,21,21,10,8,0.2,60,60,11,11,10,8,0.8,60,60,5,5,10,8,0.5,60,60,1680,28,28,60,60
172,,172,,37,0,0,45758286,7565760,73812,2880,5,5,10,8,0.2,60,60,22,22,10,8,0.8,60,60,15,15,10,8,0.5,60,60,1500,25,25,60,60
173,,173,,48,0,0,60262138,10091520,97738,2880,14,14,10,8,0.2,60,60,3,3,10,8,0.8,60,60,1,1,10,8,0.5,60,60,3000,50,50,60,60
174,,174,,22,0,0,28039651,4688640,45083,2880,5,5,10,8,0.2,60,60,4,4,10,8,0.8,60,60,24,24,10,8,0.5,60,60,2280,38,38,60,60
175,,175,,43,0,0,55638636,9288000,88668,2880,27,27,10,8,0.2,60,60,7,7,10,8,0.8,60,60,0,0,10,8,0.5,60,60,2340,39,39,60,60
176,,176,,29,0,0,38095676,6431040,60957,2880,2,2,10,8,0.2,60,60,11,11,10,8,0.8,60,60,1,1,10,8,0.5,60,60,3660,61,61,60,60
177,,177,,49,0,0,65351436,11007360,103598,2880,7,7,10,8,0.2,60,60,4,4,10,8,0.8,60,60,30,30,10,8,0.5,60,60,2160,36,36,60,60
178,,178,,13,0,0,17603361,2957760,27642,2880,19,19,10,8,0.2,60,60,15,15,10,8,0.8,60,60,4,4,10,8,0.5,60,60,2460,41,41,60,60
179,,179,,32,0,0,43995408,7464960,69280,2880,3,3,10,8,0.2,60,60,27,27,10,8,0.8,60,60,35,35,10,8,0.5,60,60,1020,17,17,60,60
180,,180,,37,0,0,51650712,8737920,80533,2880,2,2,10,8,0.2,60,60,4,4,10,8,0.8,60,60,4,4,10,8,0.5,60,60,4440,74,74,60,60
181,,181,,11,0,0,23387722,3944160,36102,4320,1,1,10,8,0.2,60,60,12,12,10,8,0.8,60,60,27,27,10,8,0.5,60,60,2760,46,46,60,60
182,,182,,22,0,0,47496290,8078400,73440,4320,3,3,10,8,0.2,60,60,31,31,10,8,0.8,60,60,18,18,10,8,0.5,60,60,2220,37,37,60,60
183,,183,,13,0,0,28499323,4829760,43609,4320,14,14,10,8,0.2,60,60,5,5,10,8,0.8,60,60,68,68,10,8,0.5,60,60,240,4,4,60,60
184,,184,,23,0,0,51201873,8644320,77527,4320,8,8,10,8,0.2,60,60,20,20,10,8,0.8,60,60,2,2,10,8,0.5,60,60,3840,64,64,60,60
185,,185,,42,0,0,94948223,16148160,143858,4320,21,21,10,8,0.2,60,60,38,38,10,8,0.8,60,60,5,5,10,8,0.5,60,60,1980,33,33,60,60
186,,186,,23,0,0,52802903,8942400,79136,4320,9,9,10,8,0.2,60,60,16,16,10,8,0.8,60,60,47,47,10,8,0.5,60,60,1680,28,28,60,60
187,,187,,46,0,0,107248995,18282240,160722,4320,6,6,10,8,0.2,60,60,31,31,10,8,0.8,60,60,27,27,10,8,0.5,60,60,2280,38,38,60,60
188,,188,,10,0,0,23678488,4017600,35088,4320,4,4,10,8,0.2,60,60,5,5,10,8,0.8,60,60,11,11,10,8,0.5,60,60,5100,85,85,60,60
189,,189,,39,0,0,93788695,16005600,138877,4320,28,28,10,8,0.2,60,60,27,27,10,8,0.8,60,60,37,37,10,8,0.5,60,60,960,16,16,60,60
190,,190,,26,0,0,63504511,10895040,93922,4320,0,0,10,8,0.2,60,60,19,19,10,8,0.8,60,60,34,34,10,8,0.5,60,60,3420,57,57,60,60
191,,191,,9,0,0,29769492,5080320,43514,5760,28,28,10,8,0.2,60,60,19,19,10,8,0.8,60,60,37,37,10,8,0.5,60,60,1860,31,31,60,60
192,,192,,22,0,0,73913593,12672000,107846,5760,19,19,10,8,0.2,60,60,29,29,10,8,0.8,60,60,60,60,10,8,0.5,60,60,540,9,9,60,60
193,,193,,5,0,0,17063112,2908800,24598,5760,11,11,10,8,0.2,60,60,5,5,10,8,0.8,60,60,64,64,10,8,0.5,60,60,2400,40,40,60,60
194,,194,,26,0,0,90128536,15425280,129624,5760,48,48,10,8,0.2,60,60,14,14,10,8,0.8,60,60,27,27,10,8,0.5,60,60,2100,35,35,60,60
195,,195,,20,0,0,88032678,15120000,126263,7200,1,1,10,8,0.2,60,60,10,10,10,8,0.8,60,60,3,3,10,8,0.5,60,60,6780,113,113,60,60
196,,196,,36,0,0,160970301,27475200,228009,7200,24,24,10,8,0.2,60,60,17,17,10,8,0.8,60,60,2,2,10,8,0.5,60,60,5220,87,87,60,60
197,,197,,13,0,0,59051442,10108800,83371,7200,5,5,10,8,0.2,60,60,15,15,10,8,0.8,60,60,27,27,10,8,0.5,60,60,5220,87,87,60,60
198,,198,,23,0,0,127366403,21859200,179173,8640,20,20,10,8,0.2,60,60,36,36,10,8,0.8,60,60,60,60,10,8,0.5,60,60,1380,23,23,60,60
199,,199,,43,0,0,241918487,41610240,338983,8640,8,8,10,8,0.2,60,60,3,3,10,8,0.8,60,60,25,25,10,8,0.5,60,60,6300,105,105,60,60
200,,200,,38,0,0,253407596,43283520,350473,10080,9,9,10,8,0.2,60,60,83,83,10,8,0.8,60,60,33,33,10,8,0.5,60,60,1200,20,20,60,60
